{"cameraMode":{"drawMode":0,"name":"Shaded","section":"Shading Mode"},"sceneLighting":false,"audioPlay":false,"sceneViewState":{"m_AlwaysRefresh":false,"showFog":true,"showSkybox":false,"showFlares":true,"showImageEffects":true,"showParticleSystems":true,"showVisualEffectGraphs":true,"m_FxEnabled":true},"in2DMode":false,"pivot":{"x":0.10298514366149903,"y":0.3812144994735718,"z":0.14704787731170655},"rotation":{"x":-0.2189491242170334,"y":0.45052874088287356,"z":-0.1149921715259552,"w":-0.8578457832336426},"size":0.9190987944602966,"orthographic":false}