{"cameraMode":{"drawMode":0,"name":"Shaded","section":"Shading Mode"},"sceneLighting":false,"audioPlay":false,"sceneViewState":{"m_AlwaysRefresh":false,"showFog":true,"showSkybox":false,"showFlares":true,"showImageEffects":true,"showParticleSystems":true,"showVisualEffectGraphs":true,"m_FxEnabled":true},"in2DMode":false,"pivot":{"x":0.13199996948242188,"y":0.4970000982284546,"z":3.5899999141693117},"rotation":{"x":-0.2189491242170334,"y":0.45052874088287356,"z":-0.1149921715259552,"w":-0.8578457832336426},"size":1.2247451543807984,"orthographic":false}